requirement_id,standard,clause_or_reference,requirement_summary,applicable,control_ids,evidence_required,test_method,decision,status,owner,review_date,notes
REQ-42001-001,ISO/IEC 42001,,Organisational context and defined AIMS scope,TO_COMPLETE,AIGOV-GOV-001;AIGOV-GOV-002,Approved scope context interested parties and objectives,Document review and interview,,,OPEN,,Enter exact licensed clause reference
REQ-42001-002,ISO/IEC 42001,,Leadership accountability policy and assigned responsibilities,TO_COMPLETE,AIGOV-GOV-002,Policy RACI appointments management approval,Interview and approval inspection,,,OPEN,,Enter exact licensed clause reference
REQ-42001-003,ISO/IEC 42001,,Planning risks opportunities and AI objectives,TO_COMPLETE,AIGOV-RISK-001,AI risk assessment objectives treatment plan,Sample risk decisions and objectives,,,OPEN,,Enter exact licensed clause reference
REQ-42001-004,ISO/IEC 42001,,Resources competence awareness communication and documented information,TO_COMPLETE,AIGOV-ASSURE-001,Training records communications controlled documents,Record sampling and interviews,,,OPEN,,Enter exact licensed clause reference
REQ-42001-005,ISO/IEC 42001,,Operational planning and control across the AI lifecycle,TO_COMPLETE,AIGOV-MODEL-001;AIGOV-DATA-002,Design deployment change retirement records,Lifecycle sample and change review,,,OPEN,,Enter exact licensed clause reference
REQ-42001-006,ISO/IEC 42001,,AI system impact and risk assessment,TO_COMPLETE,AIGOV-RISK-001;AIGOV-DATA-001,Impact assessment DPIA fairness and security assessment,Assessment quality review,,,OPEN,,Enter exact licensed clause reference
REQ-42001-007,ISO/IEC 42001,,Data governance and data quality controls,TO_COMPLETE,AIGOV-DATA-001;AIGOV-DATA-002,Data map provenance quality access retention records,Data-flow and corpus sample,,,OPEN,,Enter exact licensed clause reference
REQ-42001-008,ISO/IEC 42001,,Human oversight transparency explainability and responsible use,TO_COMPLETE,AIGOV-HUMAN-001,Human review forms user information escalation records,Scenario test and file review,,,OPEN,,Enter exact licensed clause reference
REQ-42001-009,ISO/IEC 42001,,AI performance security robustness and evaluation,TO_COMPLETE,AIGOV-SEC-001;AIGOV-MODEL-001,Test results monitoring incidents model card security evidence,Reperform selected tests,,,OPEN,,Enter exact licensed clause reference
REQ-42001-010,ISO/IEC 42001,,Supplier and third-party AI lifecycle controls,TO_COMPLETE,AIGOV-VENDOR-001,Due diligence contracts licences supplier monitoring,Supplier file sample,,,OPEN,,Enter exact licensed clause reference
REQ-42001-011,ISO/IEC 42001,,Monitoring measurement internal audit management review and improvement,TO_COMPLETE,AIGOV-ASSURE-001,Metrics audits management review CAPA records,Trace finding to closure,,,OPEN,,Enter exact licensed clause reference
REQ-PRIVACY-001,ISO/IEC 27701,,Privacy management and personally identifiable information controls,OPTIONAL,AIGOV-DATA-001,Privacy roles records DPIA rights retention evidence,Privacy review,,,OPEN,,Use only if standard is in scope and licensed
REQ-RISK-001,ISO/IEC 23894,,AI risk management guidance and risk treatment,OPTIONAL,AIGOV-RISK-001,AI risk method treatment and acceptance records,Risk-method review,,,OPEN,,Guidance crosswalk not certification claim
REQ-SEC-001,ISO/IEC 27001,,Information security management controls relevant to the AI system,OPTIONAL,AIGOV-SEC-001;AIGOV-DATA-002,ISMS scope risks access logging incident continuity evidence,Security-control review,,,OPEN,,Use only if ISMS scope is included
