standard,verification_needed,licensed_source,verified_by,verified_date,status
ISO/IEC 42001:2023,exact clauses and Annex A applicability,University BSI/ISO access,,,VERIFY_AGAINST_LICENSED_STANDARD
ISO/IEC 42005:2025,impact-assessment structure and guidance,University BSI/ISO access,,,VERIFY_AGAINST_LICENSED_STANDARD
ISO/IEC 23894:2023,risk-management mapping,University BSI/ISO access,,,VERIFY_AGAINST_LICENSED_STANDARD
ISO/IEC 5338:2023,lifecycle-process mapping,University BSI/ISO access,,,VERIFY_AGAINST_LICENSED_STANDARD
ISO/IEC 38507:2022,governance mapping,University BSI/ISO access,,,VERIFY_AGAINST_LICENSED_STANDARD
ISO 19011:2026,audit-method mapping,University BSI/ISO access,,,VERIFY_AGAINST_LICENSED_STANDARD
ISO/IEC 27001:2022,security crosswalk,University BSI/ISO access,,,VERIFY_AGAINST_LICENSED_STANDARD
ISO/IEC 27701:2025,privacy crosswalk,University BSI/ISO access,,,VERIFY_AGAINST_LICENSED_STANDARD
ISO 37301:2021,compliance-management crosswalk,University BSI/ISO access,,,VERIFY_AGAINST_LICENSED_STANDARD
